time,value,group,percentage
01/01/2004,624435.9,A,0.669225919
01/01/2004,32885.3,B,0.035244122
01/01/2004,80491.4,C,0.086264949
01/01/2004,187250,D,0.200681212
01/01/2004,8009.3,E,0.008583797
01/01/2004,212.6,F,0.00022785
01/02/2004,628582.8,A,0.672522674
01/02/2004,32581.2,B,0.034858726
01/02/2004,77823.4,C,0.083263495
01/02/2004,187606.4,D,0.200720665
01/02/2004,8070.3,E,0.008634439
01/02/2004,267.5,F,0.000286199
01/03/2004,632759.2,A,0.670098282
01/03/2004,33803.6,B,0.035798348
01/03/2004,81975,C,0.08681234
01/03/2004,187752.1,D,0.19883134
01/03/2004,7988.3,E,0.008459689
01/03/2004,376.4,F,0.000398611
01/04/2004,640980.8,A,0.673132432
01/04/2004,34531.6,B,0.036263707
01/04/2004,84120.1,C,0.088339569
01/04/2004,184497.7,D,0.193752115
01/04/2004,8105.6,E,0.008512177
01/04/2004,111.5,F,0.000117093
01/05/2004,648379.7,A,0.67613462
01/05/2004,36903.8,B,0.038483526
01/05/2004,82696.6,C,0.086236559
01/05/2004,182824.7,D,0.190650801
01/05/2004,8145.8,E,0.008494494
01/05/2004,257.1,F,0.000268106
01/06/2004,648857.5,A,0.675302972
01/06/2004,40141.5,B,0.041777546
01/06/2004,82601.5,C,0.085968088
01/06/2004,181266.2,D,0.188654063
01/06/2004,7972.4,E,0.008297331
01/06/2004,333.1,F,0.000346676
01/07/2004,653191.1,A,0.67712061
01/07/2004,39649.6,B,0.041102154
01/07/2004,82305.2,C,0.085320433
01/07/2004,181253.8,D,0.187893992
01/07/2004,8260.2,E,0.008562811
01/07/2004,525.4,F,0.000544648
01/08/2004,659296.4,A,0.676324492
01/08/2004,40800.7,B,0.041854487
01/08/2004,85766.8,C,0.087981957
01/08/2004,180972.6,D,0.185646701
01/08/2004,7986.1,E,0.008192362
01/08/2004,100,F,0.000102583
01/09/2004,676081.7,A,0.683732807
01/09/2004,41373.6,B,0.041841818
01/09/2004,82515.7,C,0.083449517
01/09/2004,180536.7,D,0.182579805
01/09/2004,8302.1,E,0.008396054
01/09/2004,165.7,F,0.000167575
01/10/2004,705854.3,A,0.689932116
01/10/2004,44760.5,B,0.043750823
01/10/2004,85252.8,C,0.083329725
01/10/2004,177036,D,0.173042542
01/10/2004,10174.3,E,0.009944795
01/10/2004,158.6,F,0.000155022
01/11/2004,716081.9,A,0.702034678
01/11/2004,43634.6,B,0.04277863
01/11/2004,92487.6,C,0.090673291
01/11/2004,158660,D,0.155547601
01/11/2004,9145.2,E,0.008965801
01/11/2004,200.2,F,0.000196273
01/12/2004,727597.5,A,0.732628238
01/12/2004,46264.5,B,0.046584381
01/12/2004,103555.9,C,0.104271904
01/12/2004,106352.2,D,0.107087538
01/12/2004,9363.2,E,0.009427939
01/12/2004,471.8,F,0.000475062
01/01/2005,733898.3,A,0.736344732
01/01/2005,45194.7,B,0.045345355
01/01/2005,101447.1,C,0.101785271
01/01/2005,106625.7,D,0.106981134
01/01/2005,9511.8,E,0.009543507
01/01/2005,253.5,F,0.000254345
01/02/2005,738137.1,A,0.735212571
01/02/2005,47733.1,B,0.04754398
01/02/2005,101667.1,C,0.101264291
01/02/2005,106581,D,0.106158722
01/02/2005,9859.5,E,0.009820436
01/02/2005,405.5,F,0.000403893
01/03/2005,744521,A,0.732357638
01/03/2005,48635.5,B,0.047840934
01/03/2005,105164.8,C,0.103446705
01/03/2005,109353,D,0.107566482
01/03/2005,8934.2,E,0.008788241
01/03/2005,616.6,F,0.000606527
01/04/2005,763970.2,A,0.735877701
01/04/2005,52286.8,B,0.050364124
01/04/2005,104502.3,C,0.100659571
01/04/2005,108163.2,D,0.104185853
01/04/2005,9253,E,0.008912751
01/04/2005,813.6,F,0.000783683
01/05/2005,774213.1,A,0.733210225
01/05/2005,54435.2,B,0.051552273
01/05/2005,106948.2,C,0.101284147
01/05/2005,113488.4,D,0.107477974
01/05/2005,6837.5,E,0.006475381
01/05/2005,703.3,F,0.000666053
01/06/2005,776259.6,A,0.738057732
01/06/2005,54106.5,B,0.05144377
01/06/2005,106460.8,C,0.101221571
01/06/2005,109466.5,D,0.104079353
01/06/2005,5466.6,E,0.005197574
01/06/2005,774.7,F,0.000736575
01/07/2005,782276.1,A,0.738112121
01/07/2005,53634.2,B,0.050606241
01/07/2005,107595.3,C,0.101520927
01/07/2005,109729.9,D,0.103535017
01/07/2005,6598.2,E,0.006225694
01/07/2005,679,F,0.000640667
01/08/2005,783518.8,A,0.733715649
01/08/2005,55273.9,B,0.051760501
01/08/2005,112021.6,C,0.104901122
01/08/2005,109583.3,D,0.102617808
01/08/2005,7480.4,E,0.00700492
01/08/2005,644.3,F,0.000603346
01/09/2005,781227.2,A,0.732220625
01/09/2005,57173.5,B,0.053586992
01/09/2005,103922.6,C,0.09740351
01/09/2005,116557.3,D,0.109245632
01/09/2005,8048.1,E,0.007543241
01/09/2005,614.6,F,0.000576046
01/10/2005,800468.8,A,0.736270503
01/10/2005,56988.5,B,0.052417973
01/10/2005,101461,C,0.093323739
01/10/2005,118982.4,D,0.109439908
01/10/2005,9293.2,E,0.008547877
01/10/2005,567.5,F,0.000521986
01/11/2005,826263.3,A,0.745982795
01/11/2005,60090.7,B,0.054252232
01/11/2005,99909.5,C,0.090202201
01/11/2005,113116.3,D,0.102125816
01/11/2005,8237.3,E,0.007436956
01/11/2005,902.7,F,0.000814993
01/12/2005,860228.5,A,0.750455999
01/12/2005,62014.6,B,0.054101008
01/12/2005,102862.5,C,0.089736367
01/12/2005,112919.8,D,0.098510269
01/12/2005,8249,E,0.007196357
01/12/2005,958.2,F,0.000835925
01/01/2006,870167.7,A,0.754419265
01/01/2006,59549.1,B,0.051627966
01/01/2006,102934.4,C,0.089242217
01/01/2006,113026.4,D,0.097991794
01/01/2006,7749.6,E,0.00671876
01/01/2006,1017.1,F,0.000881807
01/02/2006,890315.5,A,0.760795082
01/02/2006,58640.3,B,0.050109486
01/02/2006,100830.6,C,0.086162068
01/02/2006,112858.2,D,0.096439929
01/02/2006,7598.9,E,0.006493435
01/02/2006,1006.5,F,0.000860077
01/03/2006,913508.8,A,0.780614291
01/03/2006,59892.4,B,0.049939864
01/03/2006,101756.4,C,0.084847173
01/03/2006,113294.4,D,0.094467862
01/03/2006,10838.4,E,0.009037344
01/03/2006,1078.9,F,0.000899615
01/04/2006,945764.7,A,0.770078837
01/04/2006,61863.5,B,0.050371696
01/04/2006,97718.7,C,0.079566411
01/04/2006,113236.1,D,0.092201289
01/04/2006,9557.1,E,0.007781767
01/04/2006,1097.3,F,0.000893465
01/05/2006,961475.1,A,0.774720384
01/05/2006,61330.2,B,0.049417563
01/05/2006,99758.9,C,0.08038196
01/05/2006,109993.8,D,0.088628857
01/05/2006,8502.8,E,0.006851236
01/05/2006,1638.3,F,0.00132008
01/06/2006,977228.4,A,0.784050445
01/06/2006,54886.1,B,0.044036247
01/06/2006,96698,C,0.077582794
01/06/2006,109780.1,D,0.088078832
01/06/2006,7792,E,0.006251682
01/06/2006,2243.6,F,0.001800086
01/07/2006,990634.9,A,0.787833358
01/07/2006,54982.8,B,0.04372679
01/07/2006,95766.6,C,0.076161381
01/07/2006,108919.1,D,0.086621318
01/07/2006,7113.4,E,0.005657154
01/07/2006,1898.2,F,0.001509603
01/08/2006,1008071.9,A,0.8007562
01/08/2006,56074.8,B,0.0445427
01/08/2006,95834.5,C,0.076125592
01/08/2006,92016.1,D,0.073092467
01/08/2006,6902.6,E,0.005483041
01/08/2006,1601.9,F,0.00127246
01/09/2006,1042630.3,A,0.81194471
01/09/2006,55445.6,B,0.043178068
01/09/2006,96703.3,C,0.075307358
01/09/2006,82982.9,D,0.064622644
01/09/2006,6352.8,E,0.004947221
01/09/2006,1646.8,F,0.00128244
01/10/2006,1072553.7,A,0.82277955
01/10/2006,55920.2,B,0.042897616
01/10/2006,93786.2,C,0.071945458
01/10/2006,73913.9,D,0.05670098
01/10/2006,7399.6,E,0.005676396
01/10/2006,1775.9,F,0.001362332
01/11/2006,1099999.6,A,0.822106174
01/11/2006,61433.2,B,0.045913301
01/11/2006,96845.3,C,0.072379225
01/11/2006,71154.5,D,0.053178705
01/11/2006,8593.6,E,0.006422595
01/11/2006,1874.9,F,0.001401243
01/12/2006,1134434.4,A,0.826865371
01/12/2006,60671.3,B,0.044222034
01/12/2006,94721,C,0.069040144
01/12/2006,70919.3,D,0.051691586
01/12/2006,11223.9,E,0.008180865
01/12/2006,2399.2,F,0.001748726
01/01/2007,1130413.6,A,0.822570169
01/01/2007,60733.9,B,0.04419435
01/01/2007,99009.3,C,0.072046282
01/01/2007,71120.1,D,0.051752096
01/01/2007,12968.9,E,0.009437104
01/01/2007,2248.3,F,0.001636025
01/02/2007,1166441.2,A,0.827221725
01/02/2007,60577.7,B,0.042960751
01/02/2007,97988.9,C,0.069492184
01/02/2007,71049.3,D,0.050387044
01/02/2007,14013.7,E,0.009938295
01/02/2007,2094.7,F,0.001485528
01/03/2007,1191187.8,A,0.827826457
01/03/2007,64016.5,B,0.044488831
01/03/2007,98218,C,0.068257464
01/03/2007,69842.2,D,0.048537452
01/03/2007,15669.7,E,0.010889796
01/03/2007,2663,F,0.001850675
01/04/2007,1215466.2,A,0.830015818
01/04/2007,64267.7,B,0.043887035
01/04/2007,101177.5,C,0.069091946
01/04/2007,68752.6,D,0.046949677
01/04/2007,14725.2,E,0.010055523
01/04/2007,2763.1,F,0.001886862
01/05/2007,1238584.4,A,0.834047843
01/05/2007,64376.9,B,0.04335063
01/05/2007,98562.6,C,0.06637087
01/05/2007,68601.7,D,0.04619556
01/05/2007,14902.4,E,0.010035097
01/05/2007,2115,F,0.001424216
01/06/2007,1274042.2,A,0.836013343
01/06/2007,65508.4,B,0.042985936
01/06/2007,101255.2,C,0.066442617
01/06/2007,68659.9,D,0.045053918
01/06/2007,14483.9,E,0.009504186
01/06/2007,2371.1,F,0.001555891
01/07/2007,1297758.9,A,0.836663945
01/07/2007,59791,B,0.038547202
01/07/2007,102719.2,C,0.066222972
01/07/2007,68750.2,D,0.044323189
01/07/2007,22092,E,0.014242692
01/07/2007,1926,F,0.00124169
01/08/2007,1341780.4,A,0.839035939
01/08/2007,67913.8,B,0.042467545
01/08/2007,100838.4,C,0.063055804
01/08/2007,68654.4,D,0.042930653
01/08/2007,20006,E,0.01251006
01/08/2007,1998.4,F,0.00124963
01/09/2007,1377411.6,A,0.845154972
01/09/2007,68500,B,0.042030367
01/09/2007,96246.9,C,0.059055366
01/09/2007,68629.1,D,0.042109581
01/09/2007,18986.4,E,0.011649713
01/09/2007,1364.2,F,0.000837049
01/10/2007,1415103.5,A,0.846247936
01/10/2007,69179,B,0.041369826
01/10/2007,97073.4,C,0.058050994
01/10/2007,68686.7,D,0.041075425
01/10/2007,22166.5,E,0.013255818
01/10/2007,1137.2,F,0.000680058
01/11/2007,1446137.7,A,0.848889613
01/11/2007,69538.7,B,0.040819543
01/11/2007,97343.9,C,0.057141326
01/11/2007,65830.5,D,0.038642812
01/11/2007,24713.1,E,0.014506706
01/11/2007,1141.4,F,0.000670007
01/12/2007,1459259.4,A,0.849635438
01/12/2007,72908.9,B,0.04245029
01/12/2007,105799.8,C,0.061600603
01/12/2007,62564.9,D,0.036427626
01/12/2007,16979.4,E,0.009886042
01/12/2007,1736.3,F,0.001010939
01/01/2008,1481714.7,A,0.852050836
01/01/2008,69831.4,B,0.040156113
01/01/2008,108762.3,C,0.062543085
01/01/2008,61546.6,D,0.03539199
01/01/2008,17143,E,0.009857976
01/01/2008,1472.1,F,0.000846522
01/02/2008,1501055,A,0.855184705
01/02/2008,70266.3,B,0.040032287
01/02/2008,108636.8,C,0.061892822
01/02/2008,53476.8,D,0.030466933
01/02/2008,21805.8,E,0.012423253
01/02/2008,1651.9,F,0.000941124
01/03/2008,1423986.3,A,0.80755927
01/03/2008,141683.1,B,0.080350142
01/03/2008,124814.1,C,0.070783535
01/03/2008,50470.6,D,0.028622467
01/03/2008,22366.9,E,0.01268453
01/03/2008,1552.6,F,0.000880498
01/04/2008,1447221.6,A,0.812451019
01/04/2008,141495.6,B,0.079433754
01/04/2008,123036.2,C,0.069070891
01/04/2008,45962,D,0.025802457
01/04/2008,23587.9,E,0.013241934
01/04/2008,1722.7,F,0.000967101
01/05/2008,1459201.5,A,0.804147428
01/05/2008,145625,B,0.080252089
01/05/2008,134037.1,C,0.073866145
01/05/2008,43888.6,D,0.02418645
01/05/2008,31842.2,E,0.017547832
01/05/2008,1862.7,F,0.00102651
01/06/2008,1464423.5,A,0.80508038
01/06/2008,145246.5,B,0.079850608
01/06/2008,136592,C,0.075092717
01/06/2008,38020.5,D,0.020902122
01/06/2008,34695.4,E,0.019074117
01/06/2008,2176.8,F,0.001196716
01/07/2008,1478073.5,A,0.806001973
01/07/2008,145529.2,B,0.079357909
01/07/2008,139103.5,C,0.075853938
01/07/2008,31536.9,D,0.017197253
01/07/2008,39590.5,E,0.021588927
01/07/2008,2005.9,F,0.001093829
01/08/2008,1499712.3,A,0.806589997
01/08/2008,147601.8,B,0.07938465
01/08/2008,142238.7,C,0.076500214
01/08/2008,31636.9,D,0.017015268
01/08/2008,38134.4,E,0.020509817
01/08/2008,1679.5,F,0.000903285
01/09/2008,1460998,A,0.784123943
01/09/2008,190637.2,B,0.102315809
01/09/2008,141161.2,C,0.075761826
01/09/2008,30874.4,D,0.016570424
01/09/2008,39552.6,E,0.021228051
01/09/2008,1839.9,F,0.000987482
01/10/2008,1517205.3,A,0.795334248
01/10/2008,186144.6,B,0.097578868
01/10/2008,147186.5,C,0.077156641
01/10/2008,22322.3,D,0.011701574
01/10/2008,34773.6,E,0.01822867
01/10/2008,2166.3,F,0.001135596
01/11/2008,1538926,A,0.800917805
01/11/2008,181311.3,B,0.094361554
01/11/2008,142010.8,C,0.073908023
01/11/2008,22401.6,D,0.011658676
01/11/2008,36803.4,E,0.019153941
01/11/2008,1993.6,F,0.001037548
01/12/2008,1522956.4,A,0.808543218
01/12/2008,167375.2,B,0.088860116
01/12/2008,132990.3,C,0.070605045
01/12/2008,20824.1,D,0.011055592
01/12/2008,39434.7,E,0.020936029
01/12/2008,1715.9,F,0.000910978
01/01/2009,1547746.6,A,0.813397505
01/01/2009,162411.3,B,0.085353084
01/01/2009,135501.5,C,0.071210999
01/01/2009,20880,D,0.010973204
01/01/2009,36277.6,E,0.019065207
01/01/2009,1430.1,F,0.00075157
01/02/2009,1549619.9,A,0.81424292
01/02/2009,159662.5,B,0.08389416
01/02/2009,136781.8,C,0.071871568
01/02/2009,20943.9,D,0.011004907
01/02/2009,36133.9,E,0.018986445
01/02/2009,1605.6,F,0.000843657
01/03/2009,1526916.6,A,0.814981513
01/03/2009,153846.3,B,0.082114433
01/03/2009,135773.4,C,0.072468143
01/03/2009,20414.8,D,0.010896263
01/03/2009,36608.6,E,0.019539595
01/03/2009,1673,F,0.000892953
01/04/2009,1519084.6,A,0.815306623
01/04/2009,153272.5,B,0.082262755
01/04/2009,135716.2,C,0.072840128
01/04/2009,20419,D,0.010959064
01/04/2009,34714.2,E,0.018631429
01/04/2009,1863,F,0.000999889
01/05/2009,1509172.4,A,0.815601336
01/05/2009,150337.1,B,0.081246609
01/05/2009,138858.2,C,0.075043072
01/05/2009,20420.2,D,0.011035679
01/05/2009,31592.1,E,0.017073304
01/05/2009,1777,F,0.000960343
01/06/2009,1499612.8,A,0.80904849
01/06/2009,148894.8,B,0.080329478
01/06/2009,147714.9,C,0.079692916
01/06/2009,24918.4,D,0.0134436
01/06/2009,32410.3,E,0.017485516
01/06/2009,1780.8,F,0.00096075
01/07/2009,1503101.9,A,0.804920736
01/07/2009,146626.2,B,0.078519273
01/07/2009,160510.8,C,0.085954566
01/07/2009,24960.6,D,0.013366562
01/07/2009,32191.6,E,0.017238809
01/07/2009,1380.6,F,0.00073932
01/08/2009,1486873.1,A,0.80315129
01/08/2009,140451.3,B,0.075866355
01/08/2009,165441.4,C,0.08936504
01/08/2009,25007.5,D,0.013508083
01/08/2009,33525.6,E,0.018109231
01/08/2009,844.8,F,0.000456328
01/09/2009,1503122,A,0.795067238
01/09/2009,138692.1,B,0.073360343
01/09/2009,188854.2,C,0.09989328
01/09/2009,24636.6,D,0.01303138
01/09/2009,35254.7,E,0.018647759
01/09/2009,799.7,F,0.000422996
01/10/2009,1500911.5,A,0.790771245
01/10/2009,127902.2,B,0.067386639
01/10/2009,212507,C,0.111961581
01/10/2009,23148.2,D,0.012195876
01/10/2009,33566.1,E,0.017684658
01/10/2009,768.9,F,0.000405103
01/11/2009,1493259.9,A,0.779365238
01/11/2009,140850.2,B,0.073512822
01/11/2009,223342.6,C,0.116567423
01/11/2009,22761.2,D,0.011879572
01/11/2009,35781.1,E,0.018674944
01/11/2009,763.1,F,0.000398279
01/12/2009,1503854.6,A,0.76820173
01/12/2009,140700.4,B,0.071872833
01/12/2009,256755.8,C,0.131156463
01/12/2009,12550.3,D,0.006410967
01/12/2009,43768.7,E,0.022358007
01/12/2009,1235.9,F,0.000631325
01/01/2010,1501071.5,A,0.765973603
01/01/2010,136200.3,B,0.06950091
01/01/2010,265050.4,C,0.135251126
01/01/2010,12773.1,D,0.006517916
01/01/2010,44595.6,E,0.022756446
01/01/2010,577.7,F,0.000294791
01/02/2010,1505485.3,A,0.769303091
01/02/2010,134651.4,B,0.068806875
01/02/2010,262997.4,C,0.134391689
01/02/2010,12788.3,D,0.006534822
01/02/2010,41024.4,E,0.020963471
01/02/2010,911.9,F,0.000465981
01/03/2010,1503741.1,A,0.769171761
01/03/2010,132377.4,B,0.067711761
01/03/2010,261879,C,0.133952535
01/03/2010,12614.5,D,0.006452385
01/03/2010,44401.5,E,0.022711609
01/03/2010,1083.2,F,0.000554063
01/04/2010,1505909.9,A,0.771097683
01/04/2010,131744.7,B,0.067459569
01/04/2010,259665.9,C,0.132961324
01/04/2010,12586.1,D,0.006444683
01/04/2010,43036.6,E,0.022036792
01/04/2010,969.1,F,0.000496225
01/05/2010,1525815.5,A,0.767182182
01/05/2010,130049.9,B,0.065389273
01/05/2010,268644.6,C,0.135074883
01/05/2010,12308.8,D,0.006188882
01/05/2010,52038,E,0.02616478
01/05/2010,886.3,F,0.000445633
01/06/2010,1536268.5,A,0.767662138
01/06/2010,126898.3,B,0.063410153
01/06/2010,274820,C,0.137325545
01/06/2010,12276.3,D,0.006134377
01/06/2010,50966.9,E,0.025467787
01/06/2010,1213,F,0.000606127
01/07/2010,1535664.9,A,0.763597196
01/07/2010,126808.4,B,0.063054472
01/07/2010,284763.6,C,0.141596442
01/07/2010,12290.5,D,0.006111354
01/07/2010,51565.6,E,0.025640586
01/07/2010,1227.3,F,0.000610265
01/08/2010,1556066.8,A,0.766568222
01/08/2010,125225.8,B,0.06169023
01/08/2010,283210.4,C,0.139518492
01/08/2010,11973.9,D,0.005898726
01/08/2010,53436.2,E,0.026324379
01/08/2010,1200.5,F,0.000591405
01/09/2010,1579522.2,A,0.769278521
01/09/2010,126253.8,B,0.061489694
01/09/2010,285382.7,C,0.138990627
01/09/2010,12002.8,D,0.005845753
01/09/2010,50089.9,E,0.024395405
01/09/2010,1285.9,F,0.000626275
01/10/2010,1603289.6,A,0.774460688
01/10/2010,125596.5,B,0.060668735
01/10/2010,278021.5,C,0.134296837
01/10/2010,12016.6,D,0.005804556
01/10/2010,51277.1,E,0.024769136
01/10/2010,937.8,F,0.000452999
01/11/2010,1626395.4,A,0.774986487
01/11/2010,127726.9,B,0.060862581
01/11/2010,282958.2,C,0.134831162
01/11/2010,11702.9,D,0.005576497
01/11/2010,49827.9,E,0.023743273
01/11/2010,1003.8,F,0.000478316
01/12/2010,1645961.7,A,0.774379004
01/12/2010,124779.7,B,0.058705363
01/12/2010,294844.3,C,0.138716007
01/12/2010,11323.3,D,0.005327296
01/12/2010,48615.7,E,0.022872329
01/12/2010,1592.4,F,0.00074918
01/01/2011,1656923.8,A,0.782735398
01/01/2011,111889.4,B,0.052856863
01/01/2011,287504.8,C,0.135818065
01/01/2011,13835.9,D,0.006536118
01/01/2011,46683.8,E,0.022053557
01/01/2011,1367.3,F,0.000645916
01/02/2011,1677196.3,A,0.779104955
01/02/2011,110145,B,0.051165457
01/02/2011,304116.8,C,0.141270826
01/02/2011,13525.1,D,0.00628279
01/02/2011,47738.7,E,0.022175972
01/02/2011,1358.6,F,0.000631108
01/03/2011,1703111.1,A,0.78374218
01/03/2011,109096.6,B,0.050204363
01/03/2011,302173.7,C,0.139055094
01/03/2011,13489.1,D,0.00620745
01/03/2011,45179.7,E,0.020790914
01/03/2011,2809.6,F,0.001292929
01/04/2011,1707607.3,A,0.772361036
01/04/2011,133567.3,B,0.060413292
01/04/2011,310818.7,C,0.140585165
01/04/2011,13502.9,D,0.006107443
01/04/2011,45396.4,E,0.020533064
01/04/2011,2782.8,F,0.001258677
01/05/2011,1724683.9,A,0.775292601
01/05/2011,131514,B,0.059119141
01/05/2011,307369.6,C,0.138171045
01/05/2011,13192,D,0.005930165
01/05/2011,47799.2,E,0.021487048
01/05/2011,3005.3,F,0.001350965
01/06/2011,1737862.6,A,0.781319836
01/06/2011,129172.4,B,0.058074187
01/06/2011,289891.8,C,0.130331485
01/06/2011,13151.2,D,0.005912604
01/06/2011,54187.2,E,0.024361842
01/06/2011,2842.7,F,0.00127804
01/07/2011,1762720.6,A,0.783108772
01/07/2011,131925.1,B,0.058609233
01/07/2011,291006,C,0.129282741
01/07/2011,13166,D,0.005849146
01/07/2011,52109.2,E,0.023150108
01/07/2011,3068.2,F,0.001363083
01/08/2011,1783340.3,A,0.782749878
01/08/2011,133745.2,B,0.058703905
01/08/2011,300566,C,0.131925466
01/08/2011,12855.5,D,0.00564258
01/08/2011,47794.6,E,0.020978171
01/08/2011,2993.6,F,0.001313961
01/09/2011,1829522.7,A,0.783520996
01/09/2011,135742.8,B,0.058133924
01/09/2011,300798.2,C,0.128821416
01/09/2011,12814.8,D,0.005488134
01/09/2011,56123,E,0.024035531
01/09/2011,2751,F,0.001178158
01/10/2011,1834775.7,A,0.785944658
01/10/2011,134095.3,B,0.057441073
01/10/2011,302763.8,C,0.129691924
01/10/2011,12825.3,D,0.005493846
01/10/2011,50024.5,E,0.021428499
01/10/2011,3242.8,F,0.001389086
01/11/2011,1876037.2,A,0.784365055
01/11/2011,144182,B,0.060282025
01/11/2011,309353.6,C,0.129339735
01/11/2011,12520.1,D,0.005234613
01/11/2011,49698,E,0.020778572
01/11/2011,3332.6,F,0.001393349
01/12/2011,1912494.6,A,0.776962945
01/12/2011,167929,B,0.068222211
01/12/2011,323437.6,C,0.131398557
01/12/2011,9362.3,D,0.003803493
01/12/2011,48276.9,E,0.019612794
01/12/2011,1725.5,F,0.000700995
01/01/2012,1901163.9,A,0.775960181
01/01/2012,166507.7,B,0.06796013
01/01/2012,327361,C,0.133612415
01/01/2012,9364.3,D,0.00382204
01/01/2012,45682.3,E,0.018645234
01/01/2012,1395.9,F,0.000569737
01/02/2012,1904650.4,A,0.777676958
01/02/2012,165129.5,B,0.067423086
01/02/2012,324586.3,C,0.132529984
01/02/2012,9201.6,D,0.003757053
01/02/2012,45585.9,E,0.018612919
01/02/2012,1338.1,F,0.000546352
01/03/2012,1930664.8,A,0.775286218
01/03/2012,168543.4,B,0.067681026
01/03/2012,333830.5,C,0.134054439
01/03/2012,8985.6,D,0.003608297
01/03/2012,48236.3,E,0.01936998
01/03/2012,826,F,0.000331692
01/04/2012,1928785.1,A,0.771625926
01/04/2012,179479.4,B,0.071802171
01/04/2012,334094.7,C,0.13365726
01/04/2012,8989,D,0.003596121
01/04/2012,48289.5,E,0.019318601
01/04/2012,1472.3,F,0.000589005
01/05/2012,1979504,A,0.775562926
01/05/2012,180136.2,B,0.07057675
01/05/2012,336504.4,C,0.131841278
01/05/2012,8681.2,D,0.003401265
01/05/2012,47519,E,0.018617782
01/05/2012,2570.2,F,0.001006996
01/06/2012,1989286.3,A,0.773853921
01/06/2012,183979,B,0.071569824
01/06/2012,349226.1,C,0.135852736
01/06/2012,8648.7,D,0.003364438
01/06/2012,39482.4,E,0.015359081
01/06/2012,2798.3,F,0.001088569
01/07/2012,2002157.3,A,0.774594979
01/07/2012,185760.4,B,0.071867017
01/07/2012,348486.3,C,0.134822443
01/07/2012,8651,D,0.0033469
01/07/2012,39724.6,E,0.01536866
01/07/2012,2602.1,F,0.001006701
01/08/2012,2014584.8,A,0.771533367
01/08/2012,193305.3,B,0.074030882
01/08/2012,353608.8,C,0.135422936
01/08/2012,8345.2,D,0.003195994
01/08/2012,41300,E,0.015816821
01/08/2012,2142.6,F,0.00082056
01/09/2012,2036629.8,A,0.771804279
01/09/2012,198575.8,B,0.075252583
01/09/2012,356616.5,C,0.135143923
01/09/2012,8312.2,D,0.003150004
01/09/2012,38656.2,E,0.014649211
01/09/2012,2422.5,F,0.000918034
01/10/2012,2047379,A,0.772130211
01/10/2012,200001.9,B,0.075426928
01/10/2012,358759.6,C,0.135299388
01/10/2012,8313.8,D,0.003135392
01/10/2012,37143.7,E,0.014008043
01/10/2012,2679.2,F,0.00101041
01/11/2012,2080202.6,A,0.769071305
01/11/2012,214973.1,B,0.079477664
01/11/2012,364797.5,C,0.134869214
01/11/2012,8308.8,D,0.003071845
01/11/2012,36542.1,E,0.013509973
01/11/2012,1984,F,0.000733504
01/12/2012,2100727.8,A,0.762912533
01/12/2012,227623.2,B,0.082664966
01/12/2012,383380.3,C,0.139230621
01/12/2012,8043.5,D,0.002921124
01/12/2012,33788.3,E,0.012270756
01/12/2012,2129.9,F,0.000773507
01/01/2013,2102753.8,A,0.764835407
01/01/2013,224257.1,B,0.081569117
01/01/2013,377263.4,C,0.137222154
01/01/2013,8039.5,D,0.00292421
01/01/2013,36975.4,E,0.013449076
01/01/2013,1413.1,F,0.000513987
01/02/2013,2113139.3,A,0.766221226
01/02/2013,223900.8,B,0.081186103
01/02/2013,380544.8,C,0.137984989
01/02/2013,8039.6,D,0.002915147
01/02/2013,32246.4,E,0.011692498
01/02/2013,2120.7,F,0.000768963
01/03/2013,2118774.5,A,0.7661159
01/03/2013,227672.7,B,0.082322907
01/03/2013,381131.1,C,0.137811077
01/03/2013,8049.6,D,0.00291061
01/03/2013,29977.9,E,0.010839542
01/03/2013,2895.4,F,0.001046932
01/04/2013,2136986.2,A,0.768580555
01/04/2013,230690.3,B,0.08296922
01/04/2013,378598.8,C,0.136165444
01/04/2013,8043.5,D,0.002892895
01/04/2013,26113.5,E,0.009391885
01/04/2013,2633.6,F,0.000947191
01/05/2013,2165561.3,A,0.768811737
01/05/2013,235432.6,B,0.083582647
01/05/2013,379035.2,C,0.134564055
01/05/2013,6038.8,D,0.002143879
01/05/2013,30696.1,E,0.010897647
01/05/2013,3144.8,F,0.001116458
01/06/2013,2174878.1,A,0.766419628
01/06/2013,242247.7,B,0.085367264
01/06/2013,382147,C,0.1346673
01/06/2013,4036.1,D,0.001422308
01/06/2013,34403,E,0.0121235
01/06/2013,3570.9,F,0.001258373
01/07/2013,2197484.5,A,0.770506433
01/07/2013,241601,B,0.084712827
01/07/2013,378937.7,C,0.132867347
01/07/2013,4037.6,D,0.001415708
01/07/2013,29939.3,E,0.01049765
01/07/2013,4312,F,0.001511921
01/08/2013,2230163.8,A,0.769017943
01/08/2013,243400.2,B,0.083930661
01/08/2013,383627.9,C,0.132284785
01/08/2013,4004.9,D,0.001380993
01/08/2013,38818.5,E,0.013385619
01/08/2013,2656.1,F,0.000915892
01/09/2013,2239187.9,A,0.771324506
01/09/2013,246338.7,B,0.084855351
01/09/2013,382639.8,C,0.131806471
01/09/2013,4005.8,D,0.001379863
01/09/2013,30870.4,E,0.010633809
01/09/2013,2612.9,F,0.000900056
01/10/2013,2261458.4,A,0.768528121
01/10/2013,246066.2,B,0.083622495
01/10/2013,393695.8,C,0.133792553
01/10/2013,4006.6,D,0.001361592
01/10/2013,37356.8,E,0.012695237
01/10/2013,1978.9,F,0.000672504
01/11/2013,2305386.5,A,0.772064543
01/11/2013,242349.7,B,0.081161927
01/11/2013,393519.4,C,0.131788043
01/11/2013,2005.3,D,0.000671567
01/11/2013,42741.4,E,0.014313921
01/11/2013,2957.1,F,0.000990321
01/12/2013,2321104.8,A,0.771980418
01/12/2013,253339.5,B,0.08425864
01/12/2013,402922.9,C,0.134008852
01/12/2013,0,D,0
01/12/2013,29321.6,E,0.009752124
01/12/2013,3584.3,F,0.001192109
01/01/2014,2312827.4,A,0.772725608
01/01/2014,246322.4,B,0.082297376
01/01/2014,401571.6,C,0.134166803
01/01/2014,0,D,0
01/01/2014,32355.7,E,0.010810179
01/01/2014,3835.4,F,0.001281424
01/02/2014,2313517.6,A,0.77257535
01/02/2014,246330.1,B,0.082259397
01/02/2014,403242.6,C,0.134658709
01/02/2014,0,D,0
01/02/2014,31462.4,E,0.010506544
01/02/2014,3883.6,F,0.001296888
01/03/2014,2321503,A,0.77060102
01/03/2014,247614.1,B,0.082193165
01/03/2014,408379.2,C,0.135557623
01/03/2014,0,D,0
01/03/2014,35091.2,E,0.011648193
01/03/2014,2648.9,F,0.000879277
01/04/2014,2335148,A,0.774491672
01/04/2014,247277.1,B,0.082013669
01/04/2014,400596.9,C,0.132864796
01/04/2014,0,D,0
01/04/2014,32049.9,E,0.010629896
01/04/2014,2861.7,F,0.000949132
01/05/2014,2376121.6,A,0.774673187
01/05/2014,246263.1,B,0.080287735
01/05/2014,413548.8,C,0.134826924
01/05/2014,0,D,0
01/05/2014,31323.3,E,0.010212154
01/05/2014,2469.6,F,0.000805149
01/06/2014,2377230.3,A,0.772479586
01/06/2014,254001,B,0.082537475
01/06/2014,411769.4,C,0.133804224
01/06/2014,0,D,0
01/06/2014,34401.4,E,0.011178715
01/06/2014,1207.9,F,0.000392506
01/07/2014,2386813.4,A,0.770915114
01/07/2014,249703.3,B,0.080651486
01/07/2014,426698.6,C,0.137819069
01/07/2014,0,D,0
01/07/2014,32862.8,E,0.010614332
01/07/2014,1138.2,F,0.000367626
01/08/2014,2405206.3,A,0.772583315
01/08/2014,244051.1,B,0.078392364
01/08/2014,431365.2,C,0.138560071
01/08/2014,0,D,0
01/08/2014,32577.3,E,0.010464249
01/08/2014,866.6,F,0.000278363
01/09/2014,2413903.5,A,0.772561951
01/09/2014,246308.9,B,0.078830361
01/09/2014,429931,C,0.137598016
01/09/2014,0,D,0
01/09/2014,34400.1,E,0.01100964
01/09/2014,1335.1,F,0.000427294
01/10/2014,2435720.4,A,0.773242092
01/10/2014,241595.5,B,0.076696738
01/10/2014,436638.6,C,0.138614984
01/10/2014,0,D,0
01/10/2014,36055.6,E,0.011446186
01/10/2014,1143.2,F,0.000362919
01/11/2014,2470314.1,A,0.763418338
01/11/2014,255773.5,B,0.079043463
01/11/2014,471171.1,C,0.14560928
01/11/2014,0,D,0
01/11/2014,38600.4,E,0.01192895
01/11/2014,630.3,F,0.000194786
01/12/2014,2495243.1,A,0.756192431
01/12/2014,260458,B,0.078932737
01/12/2014,501714.8,C,0.152046482
01/12/2014,0,D,0
01/12/2014,42330.3,E,0.01282835
01/12/2014,1031.6,F,0.00031263
01/01/2015,2514595.1,A,0.756538485
01/01/2015,252573.7,B,0.075989063
01/01/2015,515314.3,C,0.155036928
01/01/2015,0,D,0
01/01/2015,41333.4,E,0.012435524
01/01/2015,1253.6,F,0.000377157
01/02/2015,2511249.7,A,0.75817448
01/02/2015,244905.4,B,0.07393969
01/02/2015,513961.5,C,0.155170748
01/02/2015,0,D,0
01/02/2015,42115.3,E,0.012715082
01/02/2015,1628.6,F,0.000491693
01/03/2015,2551123.3,A,0.761576675
01/03/2015,245098.6,B,0.073168309
01/03/2015,510865,C,0.152506493
01/03/2015,0.2,D,5.97052E-08
01/03/2015,42704.7,E,0.012748464
01/03/2015,1312.7,F,0.000391875
01/04/2015,2585404.7,A,0.763201076
01/04/2015,247924.3,B,0.073186257
01/04/2015,508082.2,C,0.149983823
01/04/2015,0.2,D,5.90392E-08
01/04/2015,46168.6,E,0.013628785
01/04/2015,2149.4,F,0.000634494
01/05/2015,2618001.8,A,0.75954455
01/05/2015,254888.6,B,0.073949241
01/05/2015,508684.3,C,0.147581406
01/05/2015,0.2,D,5.80248E-08
01/05/2015,65229.8,E,0.018924715
01/05/2015,2180.2,F,0.000632528
01/06/2015,2617240.8,A,0.7628603
01/06/2015,253794.6,B,0.073974785
01/06/2015,508245.2,C,0.148140777
01/06/2015,0,D,0
01/06/2015,51545.2,E,0.015024138
01/06/2015,2242.5,F,0.000653633
01/07/2015,2638269,A,0.76084057
01/07/2015,254857.6,B,0.073497434
01/07/2015,528509.2,C,0.1524148
01/07/2015,0,D,0
01/07/2015,45935.6,E,0.013247197
01/07/2015,1912.2,F,0.000551452
01/08/2015,2678349.3,A,0.761300166
01/08/2015,259893.2,B,0.073872641
01/08/2015,532609.3,C,0.151390093
01/08/2015,0,D,0
01/08/2015,47273.4,E,0.0134371
01/08/2015,1791,F,0.000509078
01/09/2015,2737880.5,A,0.765449667
01/09/2015,253752.2,B,0.070943395
01/09/2015,536136,C,0.149891539
01/09/2015,0,D,0
01/09/2015,49057.6,E,0.013715399
01/09/2015,932.3,F,0.00026065
01/10/2015,2757940.4,A,0.770991228
01/10/2015,249413.5,B,0.069724357
01/10/2015,524500.1,C,0.146625712
01/10/2015,0,D,0
01/10/2015,45281.9,E,0.012658703
01/10/2015,972.8,F,0.000271949
01/11/2015,2792209.8,A,0.767575337
01/11/2015,269682.6,B,0.074135444
01/11/2015,526639.9,C,0.144772717
01/11/2015,0,D,0
01/11/2015,49169,E,0.013516503
01/11/2015,797.6,F,0.000219259
01/12/2015,2845968.8,A,0.759200188
01/12/2015,295040,B,0.078705861
01/12/2015,556415.6,C,0.148431293
01/12/2015,0,D,0
01/12/2015,51216.4,E,0.013662659
01/12/2015,2144.2,F,0.000571994
01/01/2016,2901760.7,A,0.764672017
01/01/2016,286795.6,B,0.07557638
01/01/2016,555464.9,C,0.146376118
01/01/2016,0,D,0
01/01/2016,50757.1,E,0.013375512
01/01/2016,1886.8,F,0.00049721
01/02/2016,2910584.8,A,0.767338875
01/02/2016,272500.9,B,0.071841416
01/02/2016,559867.8,C,0.147602065
01/02/2016,0,D,0
01/02/2016,50135.6,E,0.013217617
01/02/2016,1634.7,F,0.000430968
01/03/2016,2891217.6,A,0.762257776
01/03/2016,289630.7,B,0.076359958
01/03/2016,561477.9,C,0.148031368
01/03/2016,0,D,0
01/03/2016,50639.4,E,0.013350872
01/03/2016,1768.5,F,0.000466258
01/04/2016,2912237.2,A,0.763669195
01/04/2016,290970.4,B,0.076300492
01/04/2016,559336.9,C,0.146673616
01/04/2016,0,D,0
01/04/2016,50935.5,E,0.013356698
01/04/2016,1539.8,F,0.000403778
01/05/2016,2991103.8,A,0.773730308
01/05/2016,269218.8,B,0.069640761
01/05/2016,552935.5,C,0.143031798
01/05/2016,0,D,0
01/05/2016,52564.1,E,0.013597133
01/05/2016,2994.8,F,0.000774686
01/06/2016,3036143.8,A,0.768849935
01/06/2016,275998.7,B,0.069891809
01/06/2016,581254.2,C,0.147192387
01/06/2016,0,D,0
01/06/2016,55545.2,E,0.014065843
01/06/2016,3132.4,F,0.000793225
01/07/2016,3090301.5,A,0.775213562
01/07/2016,270928.3,B,0.067963366
01/07/2016,570861.1,C,0.143202619
01/07/2016,0,D,0
01/07/2016,54296.3,E,0.013620428
01/07/2016,3369.3,F,0.000845201
01/08/2016,3112665.9,A,0.779414708
01/08/2016,264031.4,B,0.066113731
01/08/2016,560649.2,C,0.14038713
01/08/2016,0,D,0
01/08/2016,56247.6,E,0.014084456
01/08/2016,2978.1,F,0.000745719
01/09/2016,3162884.3,A,0.779084839
01/09/2016,259648.6,B,0.063956904
01/09/2016,568016.8,C,0.139914469
01/09/2016,0,D,0
01/09/2016,69193.4,E,0.017043788
01/09/2016,3091.1,F,0.000761403
01/10/2016,3180600.3,A,0.782884776
01/10/2016,258586.7,B,0.063649491
01/10/2016,554971.9,C,0.136602846
01/10/2016,0,D,0
01/10/2016,68508.3,E,0.016862888
01/10/2016,2627.1,F,0.000646644
01/11/2016,3282697.4,A,0.788656683
01/11/2016,265715,B,0.063837109
01/11/2016,546573.3,C,0.131312343
01/11/2016,0,D,0
01/11/2016,67405.2,E,0.016193866
01/11/2016,2486.5,F,0.000597373
01/12/2016,3276514.3,A,0.774046172
01/12/2016,285369.7,B,0.06741595
01/12/2016,591752.5,C,0.13979605
01/12/2016,0,D,0
01/12/2016,79333.5,E,0.018741805
01/12/2016,4689.2,F,0.00110778
01/01/2017,3279639.7,A,0.774771926
01/01/2017,279730,B,0.066082549
01/01/2017,590249.3,C,0.139438667
01/01/2017,0,D,0
01/01/2017,83419.9,E,0.019706859
01/01/2017,5296.8,F,0.0012513
01/02/2017,3294594.5,A,0.777600191
01/02/2017,278408.4,B,0.065710795
01/02/2017,587543.6,C,0.138673823
01/02/2017,0,D,0
01/02/2017,76328.1,E,0.01801519
01/02/2017,4229.5,F,0.000998259
01/03/2017,3335259.9,A,0.782999685
01/03/2017,295189.5,B,0.069299932
01/03/2017,557505.1,C,0.130882249
01/03/2017,0,D,0
01/03/2017,71638.4,E,0.016818133
01/03/2017,4874.3,F,0.001144311
01/04/2017,3382159.3,A,0.784010686
01/04/2017,302729.2,B,0.07017497
01/04/2017,557901.4,C,0.12932586
01/04/2017,0.1,D,2.31808E-08
01/04/2017,71129.9,E,0.016488461
01/04/2017,4597.7,F,0.001065782
01/05/2017,3399487.2,A,0.785999842
01/05/2017,302895.9,B,0.070032954
01/05/2017,550069.3,C,0.127182236
01/05/2017,0.1,D,2.31211E-08
01/05/2017,72595.7,E,0.016784946
01/05/2017,4697.9,F,0.001086208
01/06/2017,3435837.3,A,0.787675969
01/06/2017,298211,B,0.068365763
01/06/2017,550938.7,C,0.126304343
01/06/2017,0,D,0
01/06/2017,77006.3,E,0.017653924
01/06/2017,5043.3,F,0.001156192
01/07/2017,3466873,A,0.790116297
01/07/2017,299277.6,B,0.068206741
01/07/2017,550720.6,C,0.125511757
01/07/2017,0,D,0
01/07/2017,70929.7,E,0.016165205
01/07/2017,4476.5,F,0.001020215
01/08/2017,3507109.8,A,0.791395492
01/08/2017,301684.6,B,0.068076521
01/08/2017,550273.2,C,0.124171684
01/08/2017,0.1,D,2.25655E-08
01/08/2017,72483.7,E,0.016356281
01/08/2017,4645.2,F,0.001048211
01/09/2017,3527507,A,0.790417377
01/09/2017,299683.8,B,0.067150904
01/09/2017,557322.3,C,0.124880611
01/09/2017,0,D,0
01/09/2017,78327.8,E,0.017551107
01/09/2017,6201.8,F,0.001389653
01/10/2017,3576444.8,A,0.796659862
01/10/2017,289273.3,B,0.064436176
01/10/2017,544101.1,C,0.121199552
01/10/2017,0,D,0
01/10/2017,79480.4,E,0.01770441
01/10/2017,4813.5,F,0.001072216
01/11/2017,3614472.9,A,0.796710826
01/11/2017,303210.9,B,0.066834477
01/11/2017,535846.6,C,0.118112599
01/11/2017,0,D,0
01/11/2017,83213.4,E,0.018342098
01/11/2017,5969.2,F,0.001315745
01/12/2017,3670486.6,A,0.793380487
01/12/2017,311296.2,B,0.067287081
01/12/2017,557345.1,C,0.120470874
01/12/2017,0,D,0
01/12/2017,87260.9,E,0.018861558
01/12/2017,6597.5,F,0.001426058
01/01/2018,3670341.4,A,0.792282197
01/01/2018,299109.8,B,0.064566029
01/01/2018,577628.6,C,0.124687272
01/01/2018,0,D,0
01/01/2018,85539,E,0.018464502
01/01/2018,4113.7,F,0.000887986
01/02/2018,3701441,A,0.797252686
01/02/2018,292533.6,B,0.063008757
01/02/2018,561494.5,C,0.120940195
01/02/2018,0,D,0
01/02/2018,87276,E,0.018798361
01/02/2018,3716.2,F,0.000800432
01/03/2018,3719430.3,A,0.799022925
01/03/2018,294282.5,B,0.063218946
01/03/2018,554874.9,C,0.11920045
01/03/2018,0,D,0
01/03/2018,86385.5,E,0.018557679
01/03/2018,4922.9,F,0.001057557
01/04/2018,3769050.6,A,0.799273568
01/04/2018,305063.5,B,0.06469247
01/04/2018,552162.4,C,0.117092833
01/04/2018,0,D,0
01/04/2018,89318.6,E,0.018941108
01/04/2018,2976.7,F,0.000631246
01/05/2018,3855970.6,A,0.802665093
01/05/2018,306485.9,B,0.063798602
01/05/2018,553582.6,C,0.115234652
01/05/2018,0,D,0
01/05/2018,87920.4,E,0.018301653
01/05/2018,5199.9,F,0.00108242
01/06/2018,3899992.7,A,0.801142847
01/06/2018,325600.6,B,0.066885405
01/06/2018,546496.7,C,0.112262241
01/06/2018,0,D,0
01/06/2018,95946.5,E,0.019709486
01/06/2018,2282.3,F,0.000468834
01/07/2018,3890551.8,A,0.800599059
01/07/2018,322454.6,B,0.066354816
01/07/2018,553688.8,C,0.113938268
01/07/2018,0,D,0
01/07/2018,92855.5,E,0.019107836
01/07/2018,2332.2,F,0.000479921
01/08/2018,3935893,A,0.800368757
01/08/2018,333734.1,B,0.067865246
01/08/2018,551773,C,0.112203729
01/08/2018,0,D,0
01/08/2018,96199.4,E,0.019562268
01/08/2018,1677.7,F,0.000341162
01/09/2018,3953143.1,A,0.799329869
01/09/2018,344079.5,B,0.069573252
01/09/2018,554095,C,0.112038617
01/09/2018,0,D,0
01/09/2018,94254,E,0.019058262
01/09/2018,1886,F,0.000381351
01/10/2018,4011684.1,A,0.799183721
01/10/2018,354066.4,B,0.070534991
01/10/2018,551279.1,C,0.109822526
01/10/2018,0,D,0
01/10/2018,102697.3,E,0.020458742
01/10/2018,935.6,F,0.000186385
01/11/2018,4059594.6,A,0.802760244
01/11/2018,364206,B,0.072019531
01/11/2018,536827.7,C,0.106154426
01/11/2018,0,D,0
01/11/2018,96416.6,E,0.019065799
01/11/2018,942.7,F,0.000186413
01/12/2018,4050052.7,A,0.800333879
01/12/2018,384010,B,0.075884497
01/12/2018,537448.7,C,0.106205631
01/12/2018,0,D,0
01/12/2018,88942.5,E,0.017575993
01/12/2018,1017.3,F,0.000201029
01/01/2019,4048604.3,A,0.799510472
01/01/2019,365049.7,B,0.072089302
01/01/2019,562608.5,C,0.111102828
01/01/2019,0,D,0
01/01/2019,87591.6,E,0.017297418
01/01/2019,956.7,F,0.000188927
01/02/2019,4084399.6,A,0.803042455
01/02/2019,365720.7,B,0.071905121
01/02/2019,550693.2,C,0.108272956
01/02/2019,3.5,D,6.88142E-07
01/02/2019,85339.5,E,0.01677878
01/02/2019,1060.8,F,0.000208566
01/03/2019,4150320.9,A,0.808973702
01/03/2019,356426.6,B,0.069474085
01/03/2019,530385.6,C,0.103381886
01/03/2019,8.6,D,1.6763E-06
01/03/2019,93211.7,E,0.018168671
01/03/2019,1141.5,F,0.000222499
01/04/2019,4179471.1,A,0.809462767
01/04/2019,353785,B,0.068519623
01/04/2019,534561.2,C,0.103531614
01/04/2019,0,D,0
01/04/2019,95448.2,E,0.018486015
01/04/2019,1118.6,F,0.000216646
01/05/2019,4225174.6,A,0.811860014
01/05/2019,350508.4,B,0.067349585
01/05/2019,532697.7,C,0.102356945
01/05/2019,0,D,0
01/05/2019,95933.6,E,0.018433476
01/05/2019,1368,F,0.000262859
01/06/2019,4247809.5,A,0.812085176
01/06/2019,352168.5,B,0.067326658
01/06/2019,537230.7,C,0.102706368
01/06/2019,6.1,D,1.16618E-06
01/06/2019,93529.1,E,0.01788065
01/06/2019,1376.8,F,0.000263213
01/07/2019,4248640.6,A,0.813655859
01/07/2019,351124.4,B,0.067243726
01/07/2019,529544.6,C,0.101412924
01/07/2019,1.7,D,3.25566E-07
01/07/2019,92356.4,E,0.017687146
01/07/2019,1086.6,F,0.000208094
01/08/2019,4309382.5,A,0.813376134
01/08/2019,351335.5,B,0.06631296
01/08/2019,536975.8,C,0.101351713
01/08/2019,0,D,0
01/08/2019,100448.6,E,0.018959211
01/08/2019,1107.5,F,0.000209036
01/09/2019,4277160.4,A,0.819498607
01/09/2019,358285.6,B,0.068647075
01/09/2019,493432.8,C,0.09454111
01/09/2019,0,D,0
01/09/2019,90361.7,E,0.017313189
01/09/2019,1277.3,F,0.000244729
01/10/2019,4273577.8,A,0.820453236
01/10/2019,351020.1,B,0.067389806
01/10/2019,499967.3,C,0.095985099
01/10/2019,0,D,0
01/10/2019,84236,E,0.016171859
01/10/2019,1668.7,F,0.000320362
01/11/2019,4325858.6,A,0.817355415
01/11/2019,370423.9,B,0.069990263
01/11/2019,515910.4,C,0.097479413
01/11/2019,0,D,0
01/11/2019,80313.3,E,0.015174909
01/11/2019,1758.3,F,0.000332224
01/12/2019,4281464.3,A,0.806710816
01/12/2019,381248.3,B,0.071834565
01/12/2019,566106.9,C,0.106665507
01/12/2019,0,D,0
01/12/2019,78490.4,E,0.014789112
01/12/2019,1533.9,F,0.000289016
01/01/2020,4290948.2,A,0.809295685
01/01/2020,365499.7,B,0.06893519
01/01/2020,562983.7,C,0.106181724
01/01/2020,0,D,0
01/01/2020,82645.6,E,0.0155874
01/01/2020,1529.7,F,0.00028851
01/02/2020,4333357,A,0.812003827
01/02/2020,362696.4,B,0.067963675
01/02/2020,552511.5,C,0.103532077
01/02/2020,0,D,0
01/02/2020,88056.5,E,0.016500421
01/02/2020,1746.3,F,0.00032723
01/03/2020,4627771.7,A,0.816663557
01/03/2020,371995.3,B,0.065646066
01/03/2020,568234.7,C,0.100276462
01/03/2020,0,D,0
01/03/2020,98679.1,E,0.017413915
01/03/2020,2791.2,F,0.000492563
01/04/2020,4698104,A,0.819425944
01/04/2020,363805.6,B,0.063453629
01/04/2020,565227,C,0.098584805
01/04/2020,0,D,0
01/04/2020,106272.4,E,0.018535639
01/04/2020,2808.4,F,0.000489831
01/05/2020,4624995.3,A,0.822506069
01/05/2020,351051.1,B,0.062430693
01/05/2020,550051.2,C,0.097820737
01/05/2020,0,D,0
01/05/2020,96955.5,E,0.017242501
01/05/2020,2812,F,0.000500084
01/06/2020,4578287.4,A,0.822956914
01/06/2020,346251.2,B,0.062239391
01/06/2020,545010.2,C,0.097966745
01/06/2020,0,D,0
01/06/2020,93667.7,E,0.016836969
01/06/2020,2858.2,F,0.000513768
01/07/2020,4497690.6,A,0.822360011
01/07/2020,336593.1,B,0.061542852
01/07/2020,545545.2,C,0.099747759
01/07/2020,0,D,0
01/07/2020,89418.7,E,0.01634936
01/07/2020,2701.7,F,0.00049398
01/08/2020,4458289.9,A,0.823439219
01/08/2020,325298,B,0.060082035
01/08/2020,545681.7,C,0.100786562
01/08/2020,0,D,0
01/08/2020,84961,E,0.015692165
01/08/2020,2667.1,F,0.000492609
01/09/2020,4422261,A,0.821730329
01/09/2020,322607,B,0.059945796
01/09/2020,556253.4,C,0.103361219
01/09/2020,0,D,0
01/09/2020,80523.7,E,0.014962655
01/09/2020,2819.5,F,0.00052391
01/10/2020,4428683.8,A,0.832463774
01/10/2020,265997.6,B,0.049999814
01/10/2020,548069,C,0.103021035
01/10/2020,0,D,0
01/10/2020,77221.4,E,0.014515378
01/10/2020,2735.8,F,0.000514251
01/11/2020,4390015.2,A,0.835589487
01/11/2020,277050,B,0.052733318
01/11/2020,522631.6,C,0.099476984
01/11/2020,0,D,0
01/11/2020,64097.4,E,0.012200211
01/11/2020,1942.7,F,0.000369771
01/12/2020,4330419.3,A,0.832712266
01/12/2020,273193.5,B,0.052533384
01/12/2020,534108.5,C,0.102705689
01/12/2020,0,D,0
01/12/2020,62657.6,E,0.012048661
01/12/2020,1841.3,F,0.00035407
01/01/2021,4337320.1,A,0.82684252
01/01/2021,262503.1,B,0.050042127
01/01/2021,580363.5,C,0.110637262
01/01/2021,0,D,0
01/01/2021,65455.7,E,0.01247811
01/01/2021,1962.7,F,0.000374158
01/02/2021,4345926.6,A,0.827543938
01/02/2021,268344.7,B,0.051097741
01/02/2021,577543.8,C,0.109974906
01/02/2021,0,D,0
01/02/2021,59781.2,E,0.011383434
01/02/2021,1907,F,0.000363128
01/03/2021,4342693.8,A,0.826248927
01/03/2021,263556.8,B,0.050144803
01/03/2021,593757.9,C,0.112969473
01/03/2021,0,D,0
01/03/2021,55906.1,E,0.010636798
01/03/2021,2346.4,F,0.00044643
